{
    "spdxVersion": "SPDX-2.3",
    "dataLicense": "CC0-1.0",
    "documentNamespace": "https://konflux-ci.dev/spdxdocs/demo-on-pr-c91a8608fdf4eff697652f37ee0cf21bc490858e-68afdb3a-d057-4acd-bcdb-f32225ddaa9a",
    "SPDXID": "SPDXRef-DOCUMENT",
    "creationInfo": {
        "created": "2025-03-19T10:19:32+00:00",
        "creators": [
            "Organization: Red Hat",
            "Tool: Konflux"
        ],
        "licenseListVersion": "3.25"
    },
    "name": "registry.redhat.io/rhelai1@sha256:fae7e52c95ee8d24ad9e64b54e693047b94e1b1ef98be3e3b4b9859f986e5b1d",
    "packages": [
        {
            "SPDXID": "SPDXRef-image-index",
            "name": "nvidia-bootc-1-4",
            "versionInfo": "abccf1662c34f22cf75cca88fb3d7f82e2980bb3",
            "downloadLocation": "NOASSERTION",
            "licenseConcluded": "NOASSERTION",
            "supplier": "NOASSERTION",
            "externalRefs": [
                {
                    "referenceCategory": "PACKAGE-MANAGER",
                    "referenceType": "purl",
                    "referenceLocator": "pkg:oci/bootc-nvidia-rhel9@sha256%3Afae7e52c95ee8d24ad9e64b54e693047b94e1b1ef98be3e3b4b9859f986e5b1d?repository_url=registry.redhat.io/rhelai1&tag=1.4.3-1743086940"
                }
            ],
            "checksums": [
                {
                    "algorithm": "SHA256",
                    "checksumValue": "fae7e52c95ee8d24ad9e64b54e693047b94e1b1ef98be3e3b4b9859f986e5b1d"
                }
            ]
        },
        {
            "SPDXID": "SPDXRef-image-binary",
            "name": "nvidia-bootc-1-4",
            "versionInfo": "abccf1662c34f22cf75cca88fb3d7f82e2980bb3",
            "downloadLocation": "NOASSERTION",
            "licenseConcluded": "NOASSERTION",
            "supplier": "NOASSERTION",
            "externalRefs": [
                {
                    "referenceCategory": "PACKAGE-MANAGER",
                    "referenceType": "purl",
                    "referenceLocator": "pkg:oci/bootc-nvidia-rhel9@sha256%3A2b494fd0c17ddb5ba3f0e805c7e9a3e2699f9bc51cd15aba7ec708b4eff8758a?arch=amd64&repository_url=registry.redhat.io/rhelai1&tag=1.4.3-1743086940"
                }
            ],
            "checksums": [
                {
                    "algorithm": "SHA256",
                    "checksumValue": "2b494fd0c17ddb5ba3f0e805c7e9a3e2699f9bc51cd15aba7ec708b4eff8758a"
                }
            ]
        }
    ],
    "relationships": [
        {
            "spdxElementId": "SPDXRef-DOCUMENT",
            "relationshipType": "DESCRIBES",
            "relatedSpdxElement": "SPDXRef-image-index"
        },
        {
            "spdxElementId": "SPDXRef-image-binary",
            "relationshipType": "VARIANT_OF",
            "relatedSpdxElement": "SPDXRef-image-index"
        }
    ]
}
